index,mz,RT,ionMode,adduct,MS1mz,MS1int,MS2mz,MS2int
1,193.0706,1.76,P,[M+H]+,193.0706;194.0739;195.0773,76494968;6118918;1217659,70.0655;72.081;83.0493;84.07;85.0285;87.0079;93.0335;95.0491;97.0285;101.0597;103.0389;105.0334;105.0447;111.044;113.0596;115.0389;121.0284;129.0546;136.0618;136.0715;137.0661;139.0389;146.0601;146.0812;147.0653;147.0846;148.0754;157.0496;175.0507;175.0776;176.1076;183.4343;192.0879,2908;4234;351229;2599;74284;34269;111820;568544;25319;18799;3284;11301;3630;645223;3198;13260;64543;467024;101029;5772;44761;193352;5323;15055;132792;13715;3983;65352;16958;2920;3767;3246;116678
2,183.1379,9.85,P,[M+H]+,183.1379;184.1412;185.1446,3016534;579256;96602,71.0494;72.0812;72.9374;79.0544;81.07;83.0492;83.0857;85.0283;85.0648;90.9476;91.0542;93.0699;95.0491;95.0856;97.0647;98.9839;99.0804;101.9497;105.0699;107.0854;109.0648;109.1013;111.0805;113.0594;113.9638;118.9673;119.0856;119.9602;121.1012;121.1084;123.0806;123.1168;125.0966;127.0755;131.9741;132.9589;137.0501;137.0597;137.0962;137.1324;137.9711;139.1118;141.0912;141.958;141.9834;145.0297;147.0342;147.1168;155.0699;155.0863;159.9691;160.9873;163.0387;165.0436;165.0911;165.1275;168.093;183.0654;183.0813;183.1012;183.1169,19965;1361;6750;24101;235819;14814;38349;1975;19598;1385;59396;29781;59183;69500;7362;1378;6931;11087;77581;29753;64699;14920;6088;10822;27862;8085;30609;6607;76504;1096;42700;418333;1865;1822;14216;1534;1908;11490;10828;24192;13468;10212;1508;1797;1195;1461;1347;155631;9808;1098;4913;1520;1466;11699;6366;70454;1397;1451;2006;12575;8764
3,256.0812,1.43,P,[M+H]+,256.0814;257.0847;258.0881,3079007;438951;0,70.0655;71.0131;73.0288;76.0969;80.0496;82.0653;84.081;85.0285;86.0965;87.0441;90.5489;96.0443;97.0286;103.0391;114.0551;115.0391;124.0394;133.0496;140.107;155.0818;166.086;181.061;190.0486;226.0713;228.1025;233.0154;238.108;251.0244;256.0297;256.0795;256.1169;256.1551;256.2636,948;5557;25573;686;5000;1215;3199;26870;1340;7083;769;4379;10639;5269;1819;20496;867329;33538;1227;9293;915;943;1472;1957;1432;1115;1192;1260;1733;6408;8052;5263;5175
4,223.0965,10.35,P,[M+H]+,223.0965;224.0998;225.1032,1392306;260166;0,71.0496;74.9751;79.0544;81.0337;81.07;81.8014;83.0494;83.0857;85.065;89.0386;91.0542;92.0577;93.0699;95.0491;95.0856;97.023;97.0649;103.0544;105.07;106.0283;107.0493;107.0854;109.0651;109.1013;109.4267;111.0443;111.0803;113.0596;117.0335;117.07;119.0491;119.0855;120.0527;121.0648;121.1012;123.0805;123.1169;125.0599;126.3442;129.056;131.0859;133.1012;133.1472;134.0362;135.044;135.0552;135.0808;135.1169;136.0478;137.0964;139.1123;143.0726;145.0285;145.1011;147.117;149.0602;149.096;152.0774;153.0551;156.0621;159.1168;162.0306;163.0392;163.112;163.1481;164.0429;165.0673;165.0905;165.1276;165.5691;169.1047;171.7237;174.0732;175.0885;177.0547;177.1275;179.0835;179.1258;184.0933;185.1003;186.055;187.112;187.1482;191.1016;191.6019;195.0655;200.1066;205.1222;205.1587;223.0615;223.0946;223.1121;223.1317;223.1517;223.1696,592;927;5560;7918;9718;602;2442;1092;995;10353;6189;932;6631;5868;8419;4263;910;917;3608;779;3116;5862;1312;5210;649;1358;773;891;34830;3040;2994;4575;2557;2941;5071;8124;959;1068;680;751;4024;1469;673;3038;6501;850;2647;3896;2801;1016;656;2458;124151;3150;2863;17455;3059;902;1026;2775;3178;716;10838;3515;867;739;3012;787;1407;665;830;650;1485;1008;218835;3990;683;3164;779;582;1476;2495;857;2971;687;1049;1444;2931;1166;1446;4241;5981;5768;989;2455
5,256.129,2.3,P,[M+H]+,256.129;257.1323;258.1357,2093504;286700;194023,70.0654;71.0603;73.0284;81.0448;82.0651;83.0605;84.0809;85.0286;86.0601;87.0441;95.6954;96.0441;97.0012;97.0761;98.0597;99.0917;100.0396;102.055;109.0398;109.076;111.0917;113.0233;113.964;114.055;119.0188;121.0181;121.0645;123.055;124.0393;124.0588;126.0548;127.0502;127.0866;133.0489;135.008;137.0712;142.0349;142.0865;143.0812;148.0752;155.0815;166.0981;186.0757;209.7784;210.0767;210.1238;212.1392;215.0526;228.1343;256.1294,6229;807;766;10039;2711;56992;1262;1559;35239;1425;715;710;662;39425;793;16055;1151;4922;5609;16656;7441;3177;746;180181;3045;644;629;1368;21964;2835;1231;63756;33667;814;869;3156;3591;895;791;1271;530304;868;6295;599;846;4252;1204;3003;1140;146891
6,219.1744,12.53,P,[M+H]+,219.1743;220.1777;221.181,2389393;457838;0,71.5162;79.0544;81.07;83.0854;86.1281;91.0544;93.0698;95.0493;95.0855;97.0649;105.07;107.0491;107.0855;109.0642;109.1013;116.9851;117.0698;119.0486;119.0855;120.5206;120.9984;121.0647;121.1011;123.0804;129.0697;131.0857;133.1012;135.0807;135.1167;137.0959;145.1008;146.1091;147.1169;149.0973;149.1327;151.9482;152.7144;159.117;161.0961;161.1327;163.1117;163.1484;173.1327;177.1274;179.1435;190.2251;200.5362;201.1638;203.1432;219.1746,737;6767;6223;1352;944;8702;10698;2000;7792;1307;8730;3928;10657;1010;2059;948;5035;839;13736;924;1350;4204;13187;5495;1419;9778;11143;10682;10373;1129;10012;1608;1174;1573;4148;969;1011;6315;1225;8572;22795;1292;5115;4686;1272;1068;914;8190;21154;371533
7,166.0862,3.78,P,[M+H]+,166.0862;167.0896;168.0929,57638700;6106490;365618,77.0388;79.0543;91.0543;93.0698;95.049;102.0466;103.0542;107.049;118.0651;120.0807;121.0844;126.1375;131.0491;131.9532;149.0599;166.0498;166.0863,32233;202758;182991;439828;158347;16231;2422519;650168;36876;35039292;17939;16078;992737;18162;203259;165598;597795
8,349.2375,9.37,P,[M+H]+,349.2375;350.2408;351.2442,6898650;1884703;57250,71.0495;74.4757;75.0443;77.0389;79.0544;79.5216;81.0337;81.07;83.0493;83.0857;83.5097;84.0806;85.0285;85.0648;91.0542;93.0699;95.0492;95.0855;95.0913;97.0285;97.0648;97.1012;99.0802;103.0547;105.0699;107.049;107.0855;109.0648;109.1011;111.044;111.0804;113.0609;113.0961;115.0539;117.0697;119.0491;119.0855;121.0649;121.1012;123.08;123.117;125.0962;128.0621;129.07;130.0773;131.0855;133.0655;133.1012;135.0804;135.1166;137.0605;137.0961;139.0751;139.9547;141.0696;142.0778;143.0855;144.0931;145.0642;145.1012;147.0439;147.0808;147.1168;149.0961;149.1326;151.1116;155.0858;157.1014;159.0808;159.1169;161.0961;161.1326;163.0387;163.1118;165.1271;169.101;171.1163;173.0964;173.1325;175.112;175.1483;177.1279;178.5207;179.1436;181.1222;183.117;185.1322;187.112;187.1479;189.1119;189.1275;191.142;195.1172;197.1326;199.1483;201.1278;201.1644;211.1483;213.1636;215.1436;215.1803;219.1749;227.1814;229.1947;233.1922;238.9875;239.1796;247.2055;257.1897;262.2166;275.2001;293.2118;331.2266;331.274;349.1648;349.1986,10005;1736;2543;1679;104337;1896;9887;147676;20963;24102;1679;3101;1888;4341;115140;105752;26845;84599;4154;1993;77654;15553;3077;2374;139648;23011;109099;38667;44721;2345;9874;1947;3555;3652;54884;2465;114405;12888;46121;16090;10194;16727;2835;20589;2858;82988;2604;119085;16918;35626;2219;10658;2845;1956;12382;2841;27336;3242;4429;155178;14934;9790;80516;71707;15855;11144;14035;30499;3528;86817;8637;33734;3823;37879;2888;20491;33816;8592;48607;12161;5095;15797;2101;16914;2534;24188;12190;11158;12846;4649;4931;2264;2769;21203;3354;4012;2580;9192;7905;4528;8500;3579;2256;26252;2894;2075;50727;13006;120513;4968;142124;2656;7661;2150;6889;52235
9,355.1023,8.74,P,[M+H]+,355.1024;356.1058;357.1091,31646832;6959855;1233997,79.0544;81.0329;83.0493;85.0286;89.033;89.0386;93.0333;95.049;107.0491;111.044;114.0911;117.0335;135.0334;135.0441;145.0284;163.0391;166.5807;176.1709;179.8343;181.0497;198.3834;211.0808;277.5034;326.3049;337.0927;355.1725,52552;10273;55584;12301;15948;396968;18266;41917;155247;45801;11858;578735;12716;1353602;1524921;13677125;11529;10173;11089;39812;15742;11512;11507;10623;18570;144164
10,245.0767,2.22,P,[M+H]+,245.0766;246.0799;247.0833,664982;82010;0,70.029;70.0655;73.0287;84.0446;84.0809;85.0285;86.0966;96.0081;96.2937;97.0286;108.4408;113.0345;115.039;116.9859;120.2452;133.0492;133.1012;149.9606;154.8899;168.0653;177.0073;181.425;198.9924;202.0017;217.0123;245.0081;245.0985,2796;3929;2593;1184;2034;2697;904;3154;594;1164;544;89528;1038;843;556;2971;639;636;668;1152;661;547;712;560;807;1012;4047
11,217.1434,12.43,P,[M+H]+,217.1434;218.1468;219.1502,4103973;455932;162180,71.4375;74.8916;79.0544;81.07;83.0856;91.0542;93.0698;95.0493;95.0856;97.1012;99.0805;105.0698;107.0855;109.101;111.0807;115.0535;117.0699;119.0856;121.1011;125.0962;128.0616;129.07;131.0854;133.1011;135.0803;135.1169;143.0857;143.1063;145.1012;147.1171;153.091;157.1014;159.1172;161.0959;161.133;171.1019;171.1167;171.1379;173.1328;175.1481;199.148;217.1045;217.1221;217.1428;217.1609,1044;1157;17422;14781;29713;39139;15133;1626;9246;67886;2106;33123;35761;3027;3024;1700;32682;21092;7446;65074;1451;9395;35140;13459;28877;2088;15628;1635;7038;6203;15325;14527;2236;1368;2008;2940;2547;3106;2929;2198;18360;14152;2573;14666;32070
12,297.2426,12.93,P,[M+H]+,297.2418;298.2452;299.2485,1414768;308758;0,71.0494;71.0857;74.9639;79.0544;81.07;83.0493;83.0856;85.065;91.0541;93.07;95.049;95.0855;97.0647;97.1012;99.0803;102.3224;105.0701;105.4002;107.049;107.0855;107.0928;109.0652;109.1012;111.0804;111.1168;113.0963;117.0702;119.0855;121.101;123.0806;123.1167;125.0962;131.0855;133.0642;133.101;135.0804;135.1167;137.0963;137.132;139.0763;143.0856;145.1013;147.1171;149.0961;149.1326;151.1117;151.1481;153.0916;153.1278;155.1067;157.1016;159.1169;161.1327;163.1121;163.1484;165.1277;167.1438;169.1226;171.1015;173.1187;173.1328;175.1482;177.1285;177.1642;183.1384;187.1485;189.1117;192.4149;193.1591;199.1492;205.1586;209.1535;213.1653;215.1803;221.1901;223.1484;223.1695;233.2234;243.2102;251.2013;251.2375;261.2206;279.2318;297.1271;297.1823;297.2471,944;5935;536;14579;32358;2719;13104;3008;5448;13395;3810;32081;4950;19890;6137;655;5137;636;810;18621;717;1288;19974;4071;1244;1165;2542;6315;9134;3095;6703;10766;4703;2624;5832;2776;15518;791;5587;691;813;2875;8387;1003;4753;1578;1444;1075;5317;1084;1224;3663;1447;993;2608;923;737;777;853;1291;5117;1166;794;1232;4262;3139;7626;852;842;880;725;1054;841;693;650;1080;1067;723;7086;717;837;11601;33422;631;2532;4869
13,139.0388,1.76,P,[M+H]+,139.0388;140.0422;141.0455,40266616;3488794;260822,71.0129;74.2778;77.0388;78.0342;81.0337;83.0128;83.0492;93.0334;93.0699;94.0652;95.0491;95.0681;99.389;105.0445;111.044;111.0636;111.1723;121.0284;121.0648;122.068;131.1598;138.055;139.0392;139.0584;139.1227,5245;3885;46478;5987;4994;22277;774484;522819;5864;6587;2233098;30570;4363;59023;429310;18432;3636;618945;15512;38521;4325;4004;377094;482356;4457
14,309.2781,15.9,P,[M+H]+,309.2781;310.2815;311.2848,405973;78095;8507,71.0858;75.7224;79.0544;81.07;83.0494;83.0857;84.9599;91.0542;93.0698;95.0856;97.0649;97.1013;105.0697;107.0856;107.9932;108.5;109.1012;111.0805;111.117;119.0854;121.1013;123.1168;125.1325;133.1014;135.1169;137.096;137.1321;137.9707;147.1162;149.1325;151.1476;153.1273;161.1324;163.148;175.1487;179.1437;189.1637;214.8449;245.2261;263.2369;309.1322,1397;598;1463;12339;811;9290;1473;2793;3830;14033;1452;7410;5215;3507;665;619;8620;1380;2793;3688;5702;2750;1177;5105;3561;872;915;1302;5348;4643;716;970;3036;2516;2184;731;1249;631;12277;9880;813
15,337.2732,11.58,P,[M+H]+,337.2732;338.2765;339.2799,5197190;1670774;188274,71.0494;71.086;72.7074;73.0288;73.0646;79.0544;80.3159;81.0336;81.07;83.0493;83.0856;83.0906;85.0648;85.1013;91.0542;93.0699;95.0492;95.0855;97.0648;97.1012;97.1064;99.0805;101.0601;105.0442;105.0699;107.0492;107.0855;109.065;109.1012;111.0805;111.1168;112.1633;113.0598;113.0959;115.0751;117.0552;117.0699;119.0855;121.0648;121.1012;123.0437;123.0804;123.1082;123.1168;125.0598;125.096;127.076;129.0545;129.0697;131.0855;132.6799;133.0644;133.1012;135.0803;135.1167;137.096;137.1325;139.0755;139.1115;141.0702;143.0854;145.101;147.0804;147.1168;149.0963;149.1217;149.1325;149.1437;151.0752;151.1118;151.1484;153.1273;155.0862;157.1007;159.1171;161.0962;161.1325;161.6363;163.1117;163.1479;165.0907;165.1276;165.1639;167.1428;169.1012;171.1165;173.0967;173.1325;175.1114;175.1479;177.0911;177.1276;177.1638;179.1425;179.1797;183.1172;185.1318;187.1114;189.1642;193.1582;199.1471;201.1277;203.179;207.1742;209.1331;217.1588;217.1943;221.1536;227.1796;235.1689;237.1644;245.1883;245.2263;247.1707;255.1733;263.203;263.2365;273.1845;291.1958;319.2264;319.261;337.1982;337.2331,7800;10113;1239;1450;1154;79064;1172;5687;313939;15480;99250;3250;11053;3168;57645;103819;17165;301051;24948;61483;1451;16317;1580;1709;49078;11255;71720;28232;154534;18926;14439;1309;11015;5562;1480;1757;11315;48461;6192;64728;2001;17206;2906;72251;1752;9803;1538;8971;6996;19341;1293;2552;63075;12906;46347;19364;18180;2372;6296;1560;7005;17753;8811;32279;11154;2042;34630;2641;1394;13688;11209;2975;2315;9642;14931;13088;26211;1350;7509;23342;2972;2968;6004;2371;1599;9032;1964;5259;7130;21325;1614;6511;6239;3368;3115;2308;4723;5083;6165;2057;2167;2556;2018;2516;2102;11169;2734;2586;3105;2495;2972;5939;34648;1852;5895;2192;56471;35049;25580;17986;2896;38010;28416
16,417.3364,11.69,P,[M+H]+,417.3364;418.3397;419.3431,5420498;1788758;152199,73.0651;79.0543;81.0701;83.0493;83.0859;91.0542;91.0585;93.0698;95.0494;95.0855;97.0648;97.0953;97.1013;99.065;99.0806;104.9925;105.0699;107.0855;109.0649;109.1011;111.0809;115.0753;117.0698;118.9716;119.0854;120.9872;121.1012;123.0806;123.117;125.0961;127.1118;131.008;131.0854;133.1012;135.0805;135.1168;137.0955;143.0857;145.1011;147.1168;149.0956;149.1327;150.067;151.0753;151.1117;154.9462;155.0091;156.9872;157.1009;159.1169;161.1325;163.0386;163.1116;163.1482;165.1271;171.1165;173.1178;173.1323;174.9979;175.1113;175.149;178.9931;185.1326;187.1481;189.1637;195.1169;199.1484;201.1648;203.1796;207.002;213.1644;215.1796;218.9873;225.0137;227.1788;231.2253;236.9981;241.362;255.0079;255.2105;263.0285;273.2209;274.2228;285.2569;307.0173;381.0191;399.03;399.3258;416.3528;417.0394;417.2182,11665;14150;24014;3808;5475;12177;777;18009;3983;27771;16732;863;3804;874;2166;1371;35361;38636;3978;18789;1104;20148;1948;36749;23374;3663;27976;4133;8684;43178;4704;8791;10730;26900;1313;23660;969;1427;31842;58322;1579;12435;961;4618;6374;1066;1570;2037;3727;49235;358235;1031;16611;3826;1959;5390;1235;31762;5467;1261;7176;1337;10318;5159;4191;1148;15136;1171;1093;1326;8441;5616;8267;10989;5222;987;5488;1107;1366;181348;4711;540598;1117;8610;6042;10659;7059;6039;5108;2120;3571
17,279.2316,12.91,P,[M+H]+,279.2315;280.2348;281.2382,2542280;603824;0,71.0494;71.0859;79.0544;79.6858;81.0337;81.07;83.0491;83.0856;85.0284;85.0649;85.1014;88.3702;91.0541;92.1136;93.0699;95.0492;95.0855;95.3064;95.7952;97.065;97.1013;99.0439;99.0805;100.642;105.07;107.0494;107.0855;109.0648;109.1012;111.0806;111.117;113.0599;113.096;117.0701;119.0856;121.0652;121.1011;123.0804;123.1168;125.0962;127.0753;131.0857;133.0646;133.1012;135.0805;135.1168;137.0963;137.1326;139.1123;145.1011;147.1168;149.0237;149.0967;149.1325;151.1125;151.1482;153.0913;153.1276;155.1068;157.1013;159.117;161.1329;163.1117;163.1483;165.1272;167.1058;170.2074;171.1165;173.1322;175.1486;177.1277;177.1636;181.1229;181.159;183.1376;187.1488;191.1431;191.1797;195.1182;195.138;209.1534;215.1802;217.1975;219.0575;221.1896;223.1489;223.1692;233.191;233.226;243.2104;261.2212;279.0936;279.1217;279.1566,3261;10079;17892;613;1050;96547;4891;9005;701;3326;1046;607;10958;785;29688;14028;85592;634;583;6484;4620;730;8479;576;9688;845;22726;5156;39243;3267;948;732;1444;4494;10639;1050;18008;3928;17972;1433;663;10848;6209;8767;4760;20454;1548;13254;1361;8349;10851;6969;3205;9374;3383;4388;1095;4724;947;1606;7774;4050;4806;1417;4857;755;644;822;7708;894;4821;1106;1094;738;770;4829;1335;1313;1110;3717;1646;4409;805;9084;2743;1098;1569;1594;2646;5414;9944;16697;1792;5974
18,181.1222,12.03,P,[M+H]+,181.1222;182.1256;183.129,6826992;1596196;282085,71.0494;77.039;79.0545;81.0333;81.07;81.383;83.0493;83.0857;85.0649;87.5369;91.0543;93.07;95.0492;95.0856;97.0648;103.0542;105.07;107.0489;107.0856;109.0649;109.1012;111.0441;111.0805;113.0598;116.972;117.0698;119.0853;121.0649;121.073;121.1013;122.0727;123.0805;125.0598;125.0962;127.0756;130.0778;133.1012;135.0805;135.1168;137.0963;137.1325;138.0675;139.0753;139.1123;139.988;143.0855;145.1012;148.0881;153.1273;158.1198;163.039;163.1119;181.0869;181.1224,3409;2252;56452;2939;79795;2267;142465;10063;40862;2078;65915;209872;45409;166480;92041;2421;78505;15583;319810;62304;36488;1114636;65727;36555;42174;38365;27884;58125;2751;47332;23260;57530;455912;12253;30904;32046;2447;254537;230493;5000;4606;14768;33977;2537;5385;10232;242886;3670;53250;2373;2934;225063;7858;328468
19,317.065,8.68,P,[M+H]+,317.065;318.0684;319.0717,9623138;2252447;0,71.0491;79.0543;80.026;81.0336;81.0701;85.0283;91.0543;92.0256;93.0334;93.0696;95.0493;95.0852;97.0286;105.0703;109.0284;109.1012;117.0694;121.0285;123.1179;126.0306;127.0388;131.4117;133.1006;137.0236;137.0602;139.0392;145.0277;151.0387;153.0182;153.0306;161.0958;163.0382;165.0184;177.0543;183.0289;200.0471;201.0553;203.0339;217.0492;218.0574;228.0416;229.0496;231.0279;243.0653;245.0433;246.0523;256.0358;257.044;260.0313;261.0758;271.0601;273.0389;274.0174;274.0467;284.0309;285.0387;288.0629;299.1019;302.0415;317.0652,2454;4724;2505;5625;4307;6012;2828;16579;21676;3358;4658;2474;3263;3067;3851;3625;2769;20991;2606;6083;3037;2693;2829;5088;3990;30563;2909;21385;184540;6295;2982;6132;21240;3870;3438;3077;25796;6204;14659;11717;34974;92463;12846;3825;18533;51087;4380;88348;5257;6014;4912;43200;4187;116856;13329;142589;5441;4063;379321;2169292
20,151.1117,9.65,P,[M+H]+,151.1116;152.115;153.1184,3773254;524992;487778,70.7245;72.1389;74.0197;79.0544;81.0336;81.07;82.0136;82.6812;83.0492;83.0857;85.0652;86.9928;91.0542;93.0699;95.0491;95.0855;96.0572;97.0648;99.5122;100.0243;105.0033;105.0698;107.0492;107.0855;107.0928;108.0568;109.0648;109.1012;110.9882;118.035;121.0647;121.1014;123.0142;123.0438;123.0804;123.1168;128.0192;131.0854;133.101;136.0883;146.0297;151.0395;151.1118,1269;1342;1165;23356;2667;96046;1690;1255;3394;1466;1896;2903;26080;35600;23199;38255;1669;7837;2967;14453;11452;71990;2472;50037;1741;1942;110397;84385;1306;5523;6384;16284;1721;2472;47975;41700;21613;5657;42135;10615;3335;4966;1200776
21,195.0651,8.24,P,[M+H]+,195.065;196.0684;197.0717,4326329;723532;58860,71.0106;77.039;78.0465;79.0543;88.7002;88.7908;89.0386;89.0597;91.0543;93.0332;93.0698;95.0492;97.0282;103.054;105.0337;105.0698;106.0412;107.049;111.044;117.0334;119.049;121.0651;124.0518;125.0594;134.0362;135.044;135.0805;135.116;136.0476;138.0658;145.0284;147.0444;149.0597;153.0543;162.0312;163.039;177.0546;186.0552;194.1174;195.0641;195.088,1756;2333;10710;11163;2438;2044;217155;3299;24489;2676;9638;11709;3686;13251;3051;2272;13171;9960;13216;616027;8433;15642;4036;4938;72244;128533;3624;2059;13981;2379;1730657;2060;321329;19499;37458;184617;2010422;11795;9492;18977;9586
22,167.0338,2.51,P,[M+H]+,167.0338;168.0372;169.0405,1095293;104462;73931,71.013;71.0493;73.6969;79.0289;79.0545;80.0262;80.0498;81.0337;81.07;83.0493;83.0602;85.0286;88.1546;88.9693;90.0148;90.3238;91.0046;91.0541;93.0334;93.0699;93.1853;95.0126;95.0492;96.015;96.0444;96.0525;97.0048;97.0222;97.0284;97.0343;97.0649;98.9753;99.0441;103.0389;103.0542;104.0124;104.0577;106.0099;107.0491;107.0604;107.0853;108.0207;109.005;109.0284;111.044;111.0639;113.0176;114.0242;114.971;115.3582;116.9663;116.9854;118.0098;120.0807;121.0284;121.0648;121.0765;121.0841;121.1008;122.06;123.0445;123.0554;125.0234;125.0602;125.0708;127.0152;127.517;128.9509;134.9963;137.0232;138.0549;139.0389;141.0119;141.1639;144.9585;146.9612;146.9964;148.9763;149.0233;149.06;149.0707;149.0971;152.0294;159.1328;161.972;162.9916;166.0735;166.0865;166.1233;166.966;167.034;167.0537;167.0702;167.0818;167.1178,623;597;565;504;1291;649;572;29676;781;32263;911;941;530;636;675;524;837;913;6614;3052;532;1044;9490;960;2096;646;647;840;21623;980;911;676;699;696;2186;854;870;779;1288;539;610;9344;5072;81832;45248;983;984;571;2361;604;1114;858;12920;16076;227923;4814;1190;12542;2155;954;972;3099;5076;1223;2468;13517;679;887;923;8491;682;6755;897;1280;755;849;709;932;15587;972;1129;916;911;575;1931;900;912;1056;829;807;28584;17446;6942;3775;2047
23,263.2365,11.58,P,[M+H]+,263.2366;264.24;265.2433,5259674;1406576;141652,71.0494;71.0858;77.5732;79.0544;80.062;81.07;83.0493;83.0856;85.0649;85.1012;85.4183;91.0499;91.0542;93.0699;95.0491;95.0855;97.0648;97.1012;99.0804;105.0448;105.0699;107.0492;107.0855;109.0649;109.1012;111.0805;111.1168;113.096;117.07;119.0855;119.7812;121.0646;121.1011;123.0806;123.1167;125.096;127.1118;129.0701;131.0856;133.1012;135.0806;135.1167;137.0962;137.1325;139.1117;141.1272;142.1111;143.0858;145.1015;147.1168;149.0959;149.1325;151.1121;151.148;153.1272;155.1431;157.1014;159.1171;161.0968;161.1326;163.1481;165.1273;165.1638;167.1428;171.1169;173.1309;175.1128;175.148;177.1635;179.1435;179.1794;181.1587;189.1268;189.164;191.1799;199.148;202.6353;203.1792;205.1949;207.1756;217.0749;217.1953;219.2112;227.1809;233.617;245.2262;263.2021;263.2366,5960;26952;1085;84183;1006;403977;6914;67523;22034;18811;1170;1651;76911;123922;16488;403898;41351;38543;30794;1201;60210;5251;83686;10134;244747;28773;5572;19121;2583;69979;1082;1672;121177;16442;101205;7484;11198;1543;9102;97604;2514;66423;15506;42799;4313;10053;1409;1982;1801;70404;1326;58149;10016;46522;2617;7568;1531;2387;1585;78333;49582;2418;61578;5171;2131;1248;1328;51139;9534;1730;29219;9684;1469;21416;2180;1887;1304;9512;1849;1710;1779;11494;4672;1390;1234;214868;27762;356021
24,321.2421,9.4,P,[M+H]+,321.2421;322.2454;323.2488,3294836;707839;0,71.0494;77.039;79.0544;81.0337;81.07;82.8601;83.0492;83.0857;85.0287;85.0649;87.0441;89.1381;91.0542;93.0337;93.0699;95.0491;95.0855;97.0285;97.0648;97.1012;99.0804;101.0598;103.0387;103.0546;105.0699;106.8812;107.0492;107.0856;109.0284;109.0648;109.1012;110.0964;111.044;111.0804;115.0542;115.0757;116.0624;117.0699;119.0346;119.049;119.0856;121.0649;121.1012;123.0804;123.1171;125.0961;127.0384;127.0758;128.0623;129.0545;129.0697;130.0777;131.0856;132.9583;133.0653;133.1012;135.0805;135.1168;137.096;137.1324;139.0753;139.1118;141.0698;141.0913;142.0776;143.0707;143.0857;144.0931;145.0649;145.1012;147.0442;147.0802;147.1169;149.0962;149.1327;151.0755;151.1121;153.091;155.0857;157.1014;159.0806;159.117;161.0959;161.1326;163.1118;163.148;165.0916;165.1276;168.0931;169.101;171.1018;171.1168;171.1384;173.0963;173.1184;173.1326;174.969;175.1117;175.1475;177.1276;179.1072;179.1425;181.1025;181.1219;182.1082;183.1024;183.117;185.1176;185.1327;186.4281;187.1122;187.127;187.1313;187.1482;189.1279;189.1643;191.1066;191.1427;193.1224;197.1332;199.1326;199.1493;200.9829;201.1272;201.1638;203.1795;205.1231;207.1391;211.1484;213.1628;215.1445;215.1798;217.1435;219.1381;219.1741;229.1589;229.1936;230.0818;231.1759;233.1537;239.1793;247.1692;247.2051;252.2333;257.0102;257.1897;261.149;274.6968;275.2002;302.7342;303.1957;303.2318;321.1367;321.1688;321.2059,6488;1829;129090;14027;136156;1276;20091;32995;1677;7863;2113;1290;116321;1566;131343;35526;86963;2139;109707;36043;5213;1696;2257;1722;118371;1337;43685;208010;2051;39682;36621;1226;2236;12956;2849;1739;1482;56448;1689;2280;97388;21588;58186;30955;11760;55194;1699;1830;1856;3021;19023;5779;101456;1662;10283;111241;51672;51470;20410;6516;5482;2745;15027;1883;2715;3003;23638;1948;6331;143890;8048;10132;65234;93765;11982;5432;18466;17840;16373;25468;7034;62004;12672;19174;45801;5039;10090;8075;1551;30640;5127;16588;6294;11618;2556;35713;5487;10725;2555;14723;2654;2964;1436;4805;1703;3246;22737;2461;20618;1419;21153;1827;2144;42129;1766;2212;2398;3379;7867;9559;1657;3042;1907;8134;34957;2304;5864;1527;31903;3003;4547;6040;26772;1548;7543;66049;15665;1773;1656;2564;18115;39993;16260;2124;1624;37872;21045;1364;222634;1464;5202;14847;2398;12564;100526
25,352.2483,11.72,P,[M+H]+,352.2483;353.2516;354.255,30215652;8131964;1040951,71.0859;71.5617;73.0287;74.0965;74.3686;79.0544;80.0498;81.07;82.0652;83.0492;83.0856;84.081;85.0649;88.2529;91.0541;93.07;94.0652;94.0716;94.0736;95.0492;95.0854;97.0653;97.1012;98.0964;99.044;99.0803;101.0963;105.0699;106.0654;107.0491;107.0731;107.0856;108.0809;108.0881;109.0649;109.1013;110.06;111.0804;112.0756;117.0697;119.0856;120.0806;121.1015;123.0806;123.1172;124.076;125.0962;126.1275;131.0857;133.1011;134.0602;135.0805;137.0962;138.1277;140.1436;143.1068;146.1042;147.1176;148.0755;149.0838;149.0956;149.1333;151.1119;153.0911;154.1226;159.116;162.1279;163.1115;164.1068;164.1435;165.4467;169.5359;171.1015;173.1181;180.1382;182.154;189.1122;190.1226;192.1381;194.154;197.1175;199.133;208.1334;215.1071;215.1279;218.1539;220.1696;223.1318;236.1638;248.1654;254.1757;273.072;274.1875;274.2166;275.2009;277.1681;278.1739;279.7218;288.2321;292.2263;293.2105;300.1119;306.2418;310.2368;316.227;330.57;334.2375,14010;2440;3930;2137;2297;146525;9505;118928;4300;26103;237063;3438;11192;1980;29221;55884;72876;2939;2436;15363;21612;2901;645420;12165;30508;11742;7974;16854;2753;10242;12159;197398;53628;3949;9279;50583;2538;23179;41877;26395;8304;3318;8341;3069;2203;14044;536933;2678;4215;4356;11014;54442;2761;7888;15049;35984;2454;2381;22795;2773;2733;2835;4307;34340;18951;3604;11298;4381;3548;128105;2174;2032;40717;3291;19899;472142;261285;3829;3655;4666;24924;21799;76694;2937;89694;5125;4338;2283;23782;2327;2743;1955;2167;10654;10034;3216;26215;1980;2623;39277;35789;1952;4014;20541;25425;2440;1258008
26,268.1036,2.5,P,[M+H]+,268.1036;269.107;270.1104,14238259;1558997;299034,71.0131;73.0286;82.0674;85.0284;86.0599;87.0441;90.5882;97.0284;103.0386;115.0387;119.0351;127.4795;133.0494;136.0617;137.0456;251.1021,18280;29364;5763;55007;3247;9265;3503;20669;4777;38059;19363;3905;30165;6207101;15984;5137
27,465.1024,8.33,P,[M+H]+,465.1025;466.1058;467.1092,17712436;5404570;1096797,71.0494;72.081;73.0286;81.0336;84.0809;85.0285;86.0964;87.0441;91.039;93.0331;95.0488;95.4318;97.0284;99.0441;109.0284;111.0075;115.0388;120.0811;121.0285;123.0444;126.4035;127.0389;137.0234;137.034;145.0494;147.044;149.0231;153.0181;161.0594;163.0388;165.0183;166.0258;173.0591;177.0549;183.0295;183.0432;191.0337;195.0289;201.0549;219.0655;229.0497;245.017;247.0595;257.0445;274.0467;275.0538;285.0389;303.0493;304.0529;315.0477;327.0475;344.4082;345.0618;369.0622;373.7015;411.072;429.0821;447.0909;447.3477;448.3483,30866;6947;43315;124017;9920;1027669;13079;40575;31134;7750;9319;6054;338476;63797;126835;49719;10304;11944;60859;7281;7247;220208;190920;9629;142043;30200;35166;222906;9264;40010;188783;14835;12056;9286;66326;11372;12611;16893;104687;9171;315265;9279;51380;225841;57320;14670;128365;11377462;31500;75872;8883;7905;60886;32737;7543;12509;10775;28554;80266;15571
28,225.0757,8.3,P,[M+H]+,225.0757;226.0791;227.0824,1174078;174151;0,71.2408;77.039;79.0545;81.0336;81.07;83.0493;85.0286;85.0648;87.0442;89.0386;91.0542;93.07;94.0735;95.0491;95.0855;97.0281;97.065;99.0441;103.0543;105.0336;105.07;107.049;107.0855;107.8818;108.0572;109.0285;109.0651;109.101;111.0442;113.0232;113.0597;116.9856;118.0413;119.0492;119.0854;120.995;121.0287;121.0648;121.1012;122.068;123.0441;123.0804;123.1168;125.0597;129.0332;129.5835;131.0488;132.0207;133.0284;133.0647;133.1011;135.0439;135.1166;136.0523;137.0594;137.0964;145.0286;145.1009;146.0362;147.044;147.0804;147.1169;148.9059;149.0235;149.0602;149.0962;151.0389;151.0751;153.0549;155.0698;157.0398;161.096;161.1321;163.0393;163.1119;164.047;165.0546;165.0911;165.1273;166.0588;174.0315;175.039;177.0183;179.0341;179.0706;179.107;179.1426;181.0856;183.0654;189.0911;189.1274;192.0416;193.0495;207.0653;207.1382;224.1283;225.0736;225.11;225.1306;225.1494,675;936;3882;1446;2664;4368;9069;2676;1460;1497;66658;7241;3971;7982;20093;842;2273;2623;3269;1148;5311;2509;4634;571;847;676;4930;3218;2656;2950;2619;1268;6788;99406;5138;1040;817;4635;2573;761;3307;7489;7141;1429;1084;604;1029;3753;4087;907;2295;2442;3259;2863;2892;3877;857;984;2615;97556;3478;2937;605;7812;1210;5130;1129;1271;1402;714;6434;3291;1162;2798;1348;8100;3490;2537;1443;3794;1411;182892;2525;1336;8137;1494;661;915;3104;921;3154;54406;2707;216257;3499;5074;7392;3357;5315;2469
29,188.0705,15.54,P,[M+H]+,188.0705;189.0739;190.0772,2422978;357903;0,78.3686;81.0957;84.0445;91.0541;100.0756;103.054;105.9424;115.0542;117.0696;118.0652;120.0804;123.9447;126.9132;128.0703;132.0809;141.9636;142.0652;142.0857;143.0731;144.0808;146.0601;156.1357;159.7595;159.9743;160.0757;160.0974;170.0601;171.0634;188.0707;188.1288,889;799;2143;4671;5409;1191;1114;27996;5759;85994;9022;1430;925;3394;1930;1434;44774;1856;15096;40786;167867;982;915;1588;2015;1022;202024;3516;124983;4015
30,207.0653,7.76,P,[M+H]+,207.0653;208.0686;209.072,2488273;294439;120439,70.0656;72.0811;76.0311;77.0388;79.0544;80.0621;80.1781;84.081;85.0284;86.5049;87.0442;89.0386;90.0467;91.0542;93.0336;93.0699;94.1146;95.0491;95.0855;103.0542;104.0256;105.0335;105.0698;107.0492;108.0569;109.065;111.0439;117.0333;117.0695;118.0415;119.0492;119.0856;121.0285;122.0361;129.0336;129.044;129.0696;131.0493;132.0207;133.0286;133.0645;133.101;134.0354;135.044;135.0807;136.0519;137.0596;137.0792;145.0284;146.036;147.044;147.0804;148.0514;148.0645;148.0843;149.0233;149.0595;150.0308;151.0751;157.028;157.0396;160.0153;161.0588;161.071;161.0957;162.0316;163.0393;164.0469;166.0496;174.0313;175.039;177.0172;177.0542;179.0702;189.0541;190.077;192.0416;206.1541;207.0644,1568;613;933;2845;3153;1103;713;3513;1017;831;3113;8416;858;217194;1251;929;699;5748;975;5578;1291;4577;3715;5339;2944;1030;1216;1360;892;12123;319883;5064;3229;2903;5756;709;945;2741;14104;3820;1239;1124;963;9712;1127;7159;1176;934;5502;9509;277504;9245;1092;776;3487;18905;826;1674;1267;965;23160;1391;1705;1442;972;978;8348;18617;1467;8056;319972;2709;1261;26990;872;1132;52063;3999;134734
31,221.0921,5.08,P,[M+H]+,221.0923;222.0956;223.099,582877;64510;28121,75.9726;82.0288;84.0442;84.9598;94.0651;95.0854;98.0812;119.0485;120.9817;130.0652;132.0344;132.0444;157.0765;158.0602;172.9529;174.9398;175.0868;176.0709;186.055;203.082;204.0657;220.9066;221.0925;221.1316,498;952;558;639;4092;815;635;927;601;42148;767;26700;21311;79661;974;585;129708;2723;2426;934;4619;1001;30088;2502
32,233.1536,8.79,P,[M+H]+,233.1536;234.157;235.1603,2879452;531154;228944,71.0493;79.051;79.0546;81.07;83.0493;83.0857;85.0648;87.0441;91.0542;92.0619;93.0699;95.0492;95.0855;95.09;97.0648;99.0441;105.0699;107.0492;107.0855;109.0649;109.1011;111.044;111.0804;117.0698;119.0856;120.9562;121.0649;121.1012;123.0441;123.0806;123.1168;125.0596;125.096;129.07;130.0778;131.0761;131.0856;133.1011;134.109;135.0804;135.1169;137.0595;137.0962;139.0751;143.0856;145.065;145.1012;147.0803;147.1167;149.0594;149.0958;149.1324;151.0753;151.1113;155.0851;156.0932;157.101;158.0728;159.0806;159.1169;160.0892;160.1246;161.0964;161.1324;163.0758;163.1117;163.1478;169.1011;171.1165;173.0962;173.1103;173.1323;175.1118;177.0914;177.1274;177.1639;182.1092;187.1122;187.1481;189.1272;191.1064;191.1426;197.1324;205.1589;215.1433,9395;1475;23136;70190;13977;7150;1831;18565;36455;2838;84899;25621;65515;1378;26328;1798;78081;3307;90828;17925;20539;6547;13736;16275;186478;1534;49661;92431;2935;17932;2769;3369;1803;2341;2760;1804;41430;75141;71149;35186;15373;2414;14165;8268;6607;3610;83535;9916;19842;1705;19382;8073;2901;2343;14485;2738;17922;2405;26641;86193;2118;2391;7086;13666;2785;33237;3480;7872;11807;45874;2177;21022;7432;14645;1964;42687;13815;13226;101600;12706;3706;2202;74975;48036;135750
33,181.0494,15.93,P,[M+H]+,181.0494;182.0527;183.0561,2235129;245158;44630,79.0544;80.2904;83.0492;89.0386;90.9476;91.0542;93.0697;95.049;98.9755;104.3768;107.0491;107.0856;109.0649;111.044;111.9684;116.9722;116.9858;117.0334;119.0491;121.0649;121.101;121.3653;123.0807;125.0598;129.9794;130.9647;134.9965;135.044;138.3116;139.0388;139.0752;139.9249;139.9875;140.0685;145.0284;148.9619;151.1774;157.9346;157.9756;163.039;163.1113;174.5633;174.985;175.9845;176.3579;181.0496;181.0638;181.0847;181.0988;181.1214,11473;541;832;62608;581;4270;836;4965;702;653;29080;2092;657;5021;4106;14371;1100;83991;2978;2574;2918;736;2406;1524;1380;868;3382;241937;712;4823;998;737;3026;758;186912;769;855;940;1083;740049;3838;587;2493;886;786;4576;867;848;1110;1465
34,127.039,4.53,P,[M+H]+,127.039;128.0423;129.0457,3200263;311759;155153,71.0128;71.0494;71.5261;78.923;79.0542;81.0337;81.07;82.029;82.0651;83.0129;83.0493;84.0445;84.0808;84.9923;85.0285;85.0649;85.9456;85.9635;92.5591;95.0127;97.0284;98.0361;98.0602;98.9844;99.0441;99.0919;100.0242;103.0388;103.9563;105.0032;109.0285;110.0237;110.06;116.9719;119.9507;121.9668;127.0391;127.0497;127.0734,1170;47876;606;655;630;180329;3246;994;937;5510;1513;3770;1276;1040;21912;937;737;716;639;3255;8725;5181;1363;2887;87245;651;1109;848;911;942;233455;13124;929;4050;666;1531;371603;34879;4222
35,613.483,12.74,P,[M+H]+,613.4829;614.4863;615.4896,37681064;18214628;4091918,70.9136;71.0493;71.0857;77.3526;79.0544;79.0588;80.6466;81.07;83.0492;83.0856;85.0648;88.4398;91.0542;93.0699;95.0491;95.0855;97.0649;97.1011;99.0804;105.0699;107.0488;107.0855;109.065;109.1012;111.0804;111.117;113.0959;117.0699;119.0856;121.1011;121.1098;123.1167;123.8521;125.0967;129.0699;131.0855;133.1013;135.1168;137.0966;137.1329;139.1117;141.0702;143.0853;145.1012;147.1167;149.0958;149.1216;149.1325;151.1484;153.1272;155.0858;157.1011;159.1169;161.1327;163.1115;163.148;165.1277;165.1637;167.0852;169.1005;171.1167;173.1325;175.1123;175.1481;177.1641;181.1018;183.1167;185.132;187.1482;189.1637;191.1428;191.1804;195.1167;197.1322;199.1482;201.1635;203.18;211.1484;213.1641;215.1793;217.1593;217.1953;223.1486;223.1707;225.1637;227.1799;229.1956;231.2107;237.164;237.1863;239.1786;241.1967;243.2112;245.1892;245.2268;247.2058;257.1879;259.2055;261.2213;263.2368;269.2275;273.2211;275.2371;277.2158;279.2317;281.2094;285.2216;287.236;295.2271;299.2368;301.2528;307.229;311.2325;313.2535;315.2336;315.2672;317.2482;321.2433;323.2591;327.2691;333.243;335.2583;337.2745;341.2491;341.2857;347.2577;355.3009;375.289;415.3169;429.3391;447.3472;475.3434;477.3574;489.3574;503.3688;503.4336;517.3872;521.4335;529.3893;539.4449;543.4064;595.4733,10187;28419;18475;10746;549322;22584;10206;1232686;25285;241028;47304;10605;338152;836106;63521;1104847;65369;142367;22523;504953;13232;591258;14894;704698;53494;22771;23607;215647;637023;597016;26841;305108;11362;20706;68738;478792;542702;448554;24543;106430;24787;13109;163031;489813;482071;25288;22504;323218;56991;15056;66760;148869;445639;336834;25149;169562;17528;15496;12576;24875;185711;351890;15167;173164;78487;21547;69274;175674;197742;82353;13943;49668;23516;57520;140112;128880;70835;51824;60736;89167;14619;21792;16836;15278;26592;19228;44613;27243;14014;12240;14893;105363;66166;28278;26435;21776;18125;234351;297050;46558;16889;64829;20121;18814;22844;15479;15675;26203;20882;51645;48514;14914;18185;27580;18092;21085;24850;19654;46303;18516;134910;396752;275207;18371;18076;17021;28384;12609;14659;21924;78244;17841;15374;48224;46030;22769;25691;185497;26059;85433;19332;265370
36,165.091,9.14,P,[M+H]+,165.091;166.0943;167.0977,12645648;2612449;320526,72.0809;75.171;79.0545;81.0337;81.07;83.0492;91.0542;93.0699;94.0289;94.0777;95.0492;95.0855;103.0541;104.0624;105.0698;107.0491;107.0854;109.065;109.1012;114.752;115.6632;115.9639;117.07;119.0492;119.0856;121.0644;121.1016;122.0725;123.0439;123.0804;123.1166;135.0802;137.0961;137.2938;142.9671;147.0441;147.0807;147.1165;165.091,5070;3362;42670;6210;189149;117405;143667;37602;6596;6588;64836;91098;19193;7183;31598;55461;46218;43004;786943;3548;4299;3722;28598;34193;594968;41095;5636;403004;29729;41291;8530;16103;2143272;4393;5669;61720;27269;8571;5507714
37,339.1552,1.9,P,[M+H]+,339.1552;340.1586;341.162,1777219;390511;56887,71.729;81.0336;85.0286;95.1818;97.0284;99.0444;103.8207;105.0701;109.0282;115.0542;117.0572;127.039;132.0809;133.0648;138.9272;140.1618;142.0654;145.0493;146.0603;148.0757;159.0676;160.0758;172.0763;173.0112;177.1023;184.0761;202.0857;219.1138;274.108;292.1168;293.2098;304.1165;310.1283;321.145;322.1283;339.1554,698;947;16661;684;7202;754;699;1471;1277;7789;3499;4243;16932;1577;797;826;1656;1381;960;7852;1452;875359;2746;705;66714;1624;6173;794;1172;829;1333;1091;3091;1594;111323;30824
38,239.0662,5.47,P,[M+H]+,239.0662;240.0695;241.0729,6530246;677503;118400,70.029;72.0811;76.7216;78.034;79.0416;80.0496;88.0395;89.0599;89.1075;94.0649;96.0443;101.758;106.0288;106.0649;107.0604;108.0444;111.0317;116.0625;120.0443;121.0761;122.0601;123.0553;123.5119;124.0394;131.0604;132.0446;133.0394;134.0475;134.0585;135.0553;139.6846;141.0548;147.0555;148.0394;149.0711;151.0391;151.0501;155.194;160.0397;172.9524;175.0504;177.0655;179.0453;186.9681;186.9835;193.0608;195.0767;204.9786;221.0562;222.1131;239.0664,6735;11244;1515;17783;16173;15441;4081;1844;8293;2180;13732;2670;242216;2230;19601;51061;1798;1535;17550;7437;11300;24105;1721;53720;16385;13336;17081;76466;4900;133638;1807;2915;11772;3737;1170342;123610;7634;1914;1859;4184;222987;2082;181315;8071;1957;195030;39547;7439;37306;29291;1061276
39,449.1082,7.77,P,[M+H]+,449.1082;450.1116;451.1149,1615296;497843;103762,70.0654;72.0811;74.0602;74.0965;81.0338;81.0702;83.0131;84.0445;84.081;85.0286;86.0966;88.0748;96.9952;97.0285;104.0529;105.0334;106.0652;110.0963;111.0077;113.0712;116.0704;119.1179;120.0811;121.0284;123.0805;123.1504;124.0398;125.0591;127.0865;129.1023;130.0499;130.0658;133.0284;136.0613;136.0756;137.023;137.0711;142.0864;147.0442;148.0763;149.5084;153.0184;155.0813;161.06;161.0748;163.0393;165.0185;171.0442;183.029;183.1017;185.0599;197.0606;198.8682;203.0688;203.1027;213.0548;216.1597;219.0192;222.1487;231.0655;241.0492;243.0665;245.1273;252.7393;258.0514;259.0599;269.0449;275.0643;287.0548;288.0586;293.0902;347.0954;384.3756;387.1953;388.1775;447.347;448.2479;448.3506;449.109;449.1641;449.2319,18189;5305;1030;903;1191;919;1138;3833;9707;3740;12467;1124;1515;1639;1638;1125;3163;848;6793;1551;1135;1572;6722;19353;1500;884;1135;982;1909;1684;1515;1002;3873;1011;1229;7062;1012;1625;9029;907;918;29886;2201;881;1022;2196;21020;1455;6789;1804;3666;1297;858;1382;1787;11598;1351;1036;7130;7686;13150;1546;1085;935;10684;1812;4732;3347;1824027;2228;1352;5720;1016;7595;15092;20465;1575;7316;7978;14289;5943
40,193.1586,12.36,P,[M+H]+,193.1586;194.162;195.1653,1375720;295806;124544,71.0494;79.0544;81.0336;81.07;83.0492;83.0855;85.0648;88.0756;91.0543;93.07;95.043;95.0491;95.0856;97.0647;97.1012;99.0803;105.0699;107.0855;107.9668;109.0649;109.1012;111.0804;111.1168;119.0855;121.0643;121.1013;123.0447;123.0804;123.1168;131.0854;132.1021;133.065;133.1012;135.0439;135.0804;135.1168;136.0884;137.0599;137.0962;137.133;147.0807;147.117;148.0758;149.0959;149.1323;151.0751;151.1118;151.148;157.101;165.0909;165.1272;175.1122;175.1482;193.0486;193.0682;193.0851;193.1014;193.122;193.1587,8493;5161;4644;18638;1354;3696;10370;577;5633;21735;976;23222;25371;4304;7688;3203;12035;31279;8283;70782;21940;5430;1302;27850;581;8587;932;9512;21536;1140;1210;597;26258;2587;5901;34379;773;2723;12414;1011;2498;11730;850;887;10553;2255;13613;849;862;921;1045;6231;45096;680;744;2833;2402;17000;75598
41,369.1179,9.21,P,[M+H]+,369.1181;370.1215;371.1248,9255201;2578751;477926,72.0811;78.0464;79.0546;81.0702;83.0493;84.0812;85.0283;85.6026;89.0385;89.0436;91.0543;93.0697;95.0855;102.5445;105.07;111.044;116.1074;117.0335;119.0491;121.0648;134.0362;135.0442;139.0383;145.0285;147.0444;147.4892;149.0598;151.0393;162.031;163.039;175.0384;177.0547;207.0664;283.5695,5141;3806;7704;5709;18723;3520;4207;3156;95958;3804;13271;4668;3604;3066;6743;4483;3432;355935;6228;3156;19222;29777;3828;1691201;7448;3425;131490;4260;5415;20976;6258;3308361;23079;4224
42,355.2843,11.58,P,[M+H]+,355.2845;356.2878;357.2912,5928806;1827801;81762,71.0494;71.0859;75.0442;79.0544;80.0579;81.0337;81.07;83.0496;83.0809;83.0857;85.0649;85.1013;85.4373;91.0542;93.0699;95.0491;95.0855;97.0649;97.1012;99.0804;102.1489;103.0751;105.07;107.0855;109.0652;109.1012;111.0805;111.1168;113.0961;117.0698;119.0856;121.1012;121.1099;123.0804;123.1168;125.096;125.1327;127.1116;129.0546;131.0856;133.1011;135.1169;137.096;137.1323;139.1117;141.1276;143.1067;143.9522;145.0286;145.1009;147.1169;149.1326;151.1114;151.1482;153.1272;155.1431;161.1326;163.0391;163.1481;165.1276;165.1642;167.1425;171.1399;173.118;173.1326;175.1119;175.1483;177.1638;179.1429;179.1793;181.159;189.1636;193.16;203.18;207.174;213.0555;217.1951;221.226;245.2263;247.2408;261.2223;263.2366;265.253;281.247;291.1898;316.3155;337.2733;355.2101,9585;21382;4465;77598;2692;5034;343135;5037;5079;120761;15058;12313;2843;60341;128707;12741;312217;45068;90432;18489;2387;3152;61824;101751;2654;195193;23169;24917;14639;3457;73131;133346;5061;14486;94613;15941;3224;4268;5920;5298;79221;86155;15707;37306;5327;10302;2913;2428;3447;5867;66737;78680;14251;35951;4457;3569;73534;29763;76953;5901;27995;4703;2697;2665;2433;2868;59281;15265;4118;20846;5459;32866;3558;5397;4609;3647;4932;2989;220825;3728;3719;226922;3376;2688;3511;2641;138927;4017
43,197.1171,9.1,P,[M+H]+,197.1172;198.1205;199.1239,5214258;881387;95480,71.0131;71.0493;72.0811;73.0284;73.0651;74.0966;77.0387;78.2877;79.0543;81.07;83.0493;83.0855;85.0647;87.044;91.0542;93.0698;94.0776;95.049;95.0855;97.0647;99.0437;103.054;105.0339;105.0698;107.0491;107.0854;109.0647;109.1011;111.0439;111.0804;113.0596;115.054;117.0695;118.0774;119.0491;119.0602;119.0855;120.0933;121.0647;121.0714;121.1011;122.0724;123.044;123.0803;123.1167;125.0596;125.0955;127.0391;127.0751;128.0619;131.0491;131.0856;133.0661;133.1011;135.0815;135.1167;137.0596;137.0959;137.1068;139.0752;140.0459;141.0549;141.0696;143.0854;146.0725;149.0959;151.0391;151.0756;151.1116;155.0705;155.0856;155.1065;159.0668;159.0801;161.096;163.0394;164.0839;167.1072;169.0636;169.1014;179.1066;182.1091,4710;10538;762;1420;1024;3228;3477;775;39357;46311;19637;1814;6066;3378;121898;234459;1881;77859;24101;7671;5639;3582;1491;226675;10410;709676;59012;76301;4978;5844;40279;4219;9125;3656;16042;4034;86173;7162;68384;1075;12428;998;34009;13661;33395;40712;1255;13078;3694;5485;1209;21728;9126;772412;15634;739384;80357;84399;1346;3481;1245;11933;3346;16006;16075;3684;3842;6943;79216;4063;4728;4189;914;1849;439812;1182;1031;3538;1625;4780;1238597;1957
44,195.138,12.9,P,[M+H]+,195.138;196.1413;197.1447,2385798;220006;0,71.0131;71.0495;71.086;71.1306;71.9406;73.0288;74.0965;76.9172;77.0387;79.0545;81.0337;81.0701;83.0444;83.0493;83.0857;85.0286;85.0524;85.0647;87.0441;91.0543;91.508;92.2293;93.07;95.0492;95.0856;97.0649;97.1013;99.0442;99.0805;101.06;105.0448;105.0701;105.0772;107.0492;107.0856;109.065;109.1014;111.0805;111.1168;112.9669;113.0602;113.0962;113.9637;117.0699;119.0855;121.0649;121.1013;123.0806;123.1171;125.0602;127.0752;129.0703;130.9782;131.0857;131.9735;133.1013;135.0445;135.0807;135.1169;136.0478;137.0959;139.0749;139.1117;144.0933;145.0277;147.1174;149.0963;149.1327;151.1116;153.0916;157.1022;159.1171;165.0706;174.0792;177.0548;177.1276;180.0938;195.0891;195.1189;195.1386,3629;14576;1071;939;1455;1907;1481;1032;1203;111870;58873;276524;1939;47760;39935;982;897;14939;1098;83892;807;1050;202686;29791;100715;46060;3844;1746;9589;1120;1392;34296;1212;7526;95278;13447;12623;21593;1003;1640;1214;3552;1119;42897;11548;29097;48045;4103;5210;1105;1007;1256;1018;49086;952;60060;1491;13774;92497;6087;1227;2066;1213;1361;1398;4242;5604;84355;8616;6210;1225;67601;4665;1029;1490;42224;4563;1190;14892;62789
45,339.1076,9.14,P,[M+H]+,339.1076;340.1109;341.1143,3309281;662692;389712,70.065;72.081;79.0544;81.0336;81.07;83.0492;83.0854;84.0807;85.0285;91.0542;93.0334;93.0699;95.0491;95.0855;97.0284;97.065;97.101;105.0701;107.0489;107.0856;109.0287;109.0645;109.1012;111.0441;111.0803;113.0594;117.0334;117.0701;119.0492;119.0852;121.0648;121.1014;122.068;123.0805;123.1167;127.0392;129.0698;131.0854;133.065;133.1013;135.0803;135.1167;137.0594;137.0964;139.1118;145.0285;145.0642;145.1014;147.044;147.1168;149.0589;149.0963;149.132;155.0864;157.1012;159.0812;159.1166;161.0968;163.111;165.0544;165.0904;169.1014;171.1163;173.1322;175.112;177.0546;177.1273;187.148;191.1435;201.1633;202.1079;207.0645;211.1466;219.0796;229.1587;247.0772;247.1698;278.2107;288.5627;303.1572;307.0959;309.1338;321.096;321.1701;321.2078;338.2677;339.0509;339.0875;339.1206;339.1792;339.2319,1501;12467;14940;7814;24078;10381;1608;2793;5654;69055;1335;16723;8058;13726;6592;4612;2632;9614;5090;10529;2318;9805;6996;10385;1861;1486;1707;4882;193541;11451;7842;9073;2386;5005;3046;6126;2187;8583;3051;6361;6642;2548;6047;4645;1846;22089;1232;8949;1371833;7583;1864;8610;1822;1461;2765;1735;6463;1982;2061;7891;1593;1419;2345;5494;2988;49987;1961;2037;1828;1878;1277;2096;1608;1880;6367;1794;7313;1702;1200;1398;2948;1211;1794;1923;2824;13581;1306;4863;1603;14546;1704
46,416.3522,9.6,P,[M+H]+,416.3522;417.3556;418.3589,7185922;1909009;317218,70.0654;71.0859;79.0504;79.0543;81.0701;83.0488;83.0857;84.0445;84.0811;85.0285;86.0058;86.0967;91.0543;93.07;95.0856;96.0807;97.065;98.0962;99.0803;105.0699;107.0492;107.0855;109.0646;109.1011;114.0916;117.0696;119.0858;121.0648;121.1014;122.027;123.0805;123.1169;124.1121;124.1206;125.0963;126.1278;127.1116;127.8604;131.0857;132.0114;133.1012;135.117;136.0618;140.0335;143.0852;145.1012;147.1057;147.1169;149.096;149.1325;151.1119;157.1019;158.1057;159.1169;161.1326;163.0393;163.1122;167.0702;169.6217;171.1168;173.1326;175.148;179.1431;180.1543;185.1323;187.148;191.1425;199.1482;213.1643;214.1674;215.1795;224.0571;227.1803;231.1745;242.0677;255.2108;256.2145;259.0984;271.2496;273.2211;274.2244;277.216;302.1421;305.0242;394.3873;398.3424;399.3281,67632;10302;2244;20681;40247;2453;3474;4173;3302;4156;2877;2261;25315;27972;30992;12040;8899;2560;10046;50110;2460;50090;3514;28490;31517;4939;28826;8559;34289;11829;2341;10485;46421;3047;3387;64900;9223;2014;19926;5216;31549;25293;3344;2780;2877;40123;3995;73314;3362;24602;18045;3484;2329;52418;389724;3635;18263;3476;2146;9515;32647;4536;4403;2602;13555;8730;2281;12464;14348;7985;9866;2243;8167;3302;14758;164991;3376;2674;2383;120087;4339;9687;25647;2109;2161;201257;2814
47,176.0918,1.99,P,[M+H]+,176.0918;177.0952;178.0985,18377674;1266138;218790,81.3096;84.0445;85.0285;85.0648;91.8935;102.055;103.039;130.05;130.0863;131.0241;131.034;149.9427;158.0808;159.0654;170.071,5203;6205190;366758;8755;4594;132839;27469;1859086;2147870;11202;299388;5488;11259;160570;5312
48,145.0494,0.73,P,[M+H]+,145.0494;146.0528;147.0561,6917104;523694;261380,71.013;71.0494;73.0287;81.0336;83.0128;83.0493;84.9596;84.9922;85.0285;87.0076;87.0444;87.9772;90.9475;97.008;97.0286;98.8914;99.044;100.0475;100.0754;100.112;101.0233;103.9556;109.0285;115.039;117.0697;118.9676;121.9662;122.0192;127.039;132.1187;144.9814;145.0496;145.1008;145.1339,13778;436924;2961;136517;26655;3411;2550;12441;102752;3179;2644;1809;2219;14980;3790;2078;1497854;3216;4379;9107;16145;3105;4176;10781;3224;3823;64159;110966;328119;1985;1802;243993;1743;1848
49,303.2312,12.34,P,[M+H]+,303.2311;304.2344;305.2378,42704896;9854307;1183509,71.0494;78.2958;79.0544;81.07;81.0748;83.0493;83.0856;85.0648;85.9137;86.8624;87.044;88.0199;91.0542;93.0699;95.0491;95.0856;97.0648;97.1012;99.0803;101.0597;105.0699;107.0856;109.0648;109.1012;111.0803;115.0544;115.0754;117.0698;119.0855;121.0648;121.1011;123.0804;123.1166;125.0958;129.0696;129.0904;131.0854;132.0933;133.1011;135.0803;135.1168;137.0956;141.0697;143.0853;145.1012;147.0805;147.1168;149.096;149.1324;155.0852;157.1012;159.1169;161.0962;161.1191;161.1326;163.1116;169.1014;171.1045;171.1171;173.0964;173.1325;175.1121;175.1484;177.1273;183.1168;185.1324;187.112;187.1485;189.127;195.137;197.1327;199.1481;201.1273;201.163;207.1378;211.1483;213.164;215.144;215.1793;221.1541;229.1588;229.1945;239.1793;257.1899;267.2096;275.1999;285.2213;303.049;303.2312,27985;12253;456135;716862;25548;33668;423907;54307;13620;16837;33632;14010;1111276;454265;72228;822344;92574;129117;59043;79440;1910612;425693;69099;273459;97746;31478;31407;353461;2078866;20082;275585;57383;64558;34816;157942;28078;728934;23271;1435030;79528;161899;23903;71690;214809;1293649;35323;1857400;117370;27387;103320;457591;1117381;97521;29058;749691;137010;244627;20893;325428;25626;891288;120203;129378;17683;266289;172992;100536;155875;93961;22570;284058;66737;103753;56797;28586;163357;85519;29938;334920;27025;112347;130718;722516;1208295;29084;35476;87192;91138;3095380
50,339.1071,8.81,P,[M+H]+,339.1071;340.1104;341.1138,5360254;1381295;0,71.0494;79.0544;81.0334;81.07;83.1418;85.0286;89.0385;91.0542;93.0701;95.0492;95.0856;97.0285;97.0648;97.1014;98.976;99.044;102.8298;103.0542;105.0695;107.0497;107.0856;109.0285;109.0651;109.1012;111.0443;111.0808;113.0597;117.0334;117.0695;119.0491;119.0856;121.0643;121.101;122.5774;123.0437;123.1171;124.9181;127.039;128.0621;129.0703;131.0492;131.0858;133.029;133.0648;133.1008;134.0361;135.0439;135.08;135.1169;137.0597;137.0959;139.0745;141.0552;141.0695;145.0284;147.0441;147.0801;147.1169;147.1294;149.0478;149.0597;149.0962;151.0389;155.0494;157.0391;157.0655;159.0805;159.1178;161.0599;161.0958;161.1318;163.0387;163.0757;165.091;173.0601;175.039;175.0751;175.113;177.0546;183.0446;185.0596;186.0546;187.0757;189.0546;195.0655;201.0548;205.0664;207.0652;215.071;218.0728;219.0818;229.0856;231.0653;233.08;235.0742;236.083;247.0746;247.1693;251.107;261.0753;263.0688;263.8522;264.0774;265.0855;277.0859;278.0572;279.1011;283.5687;289.0865;303.0858;303.1586;307.095;307.1257;311.0555;311.1268;321.0952;339.0519;339.107;339.1428;339.1801;339.2732,2020;8688;12972;20097;1657;10455;50708;24944;13024;8963;12720;33073;3118;2097;1635;9965;1877;4252;15332;2125;9865;12010;3206;9453;2066;2109;1999;200568;4562;30152;9830;3710;4177;2129;1912;2223;1740;72796;2463;3234;10891;8284;2548;3115;8502;12808;19118;2998;3498;54794;4444;1752;1860;2222;1046679;40770;1952;4040;1903;2673;70986;7418;8441;1997;1963;2893;3411;3743;11715;4355;2220;17087;4637;2925;2097;77396;2575;2985;2274787;2273;2592;2307;2383;20936;19486;2375;2621;159729;16076;2302;3255;8594;2927;4514;2999;3965;4022;2703;7640;10976;2102;1908;9230;3178;2456;2066;9429;2550;2199;3029;3369;18863;2590;2780;15321;30547;2603;58574;11792;16607;2477
51,275.2,10.77,P,[M+H]+,275.1999;276.2032;277.2066,54835488;13586269;2243188,71.0493;73.0653;79.0544;81.07;83.0493;83.0856;85.0648;91.0542;92.9612;93.0699;94.0582;95.0492;95.0855;97.0649;97.1011;99.0808;103.0539;105.0699;107.0491;107.0855;109.0648;109.1012;111.0804;113.0595;115.0542;117.0698;119.0856;121.0649;121.1011;123.0805;123.1169;125.0963;129.0703;131.0756;131.0855;132.093;133.0649;133.1012;135.0804;135.1166;137.0963;139.1115;141.07;143.0852;145.0653;145.1012;147.0802;147.1168;149.0962;149.1326;151.1117;153.128;155.0855;157.1014;159.0806;159.1169;161.0961;161.1326;163.1117;165.0905;169.1014;171.117;173.0956;173.1326;175.1121;175.1484;177.1271;177.2006;179.8894;181.1212;182.1086;183.1169;185.1329;187.1118;187.1483;189.1279;191.1441;197.1325;199.1485;201.127;201.1634;205.1224;207.1376;211.1482;213.1642;215.18;217.158;219.1384;229.1596;229.1951;233.1532;233.189;239.1793;247.2061;257.1899,36394;7401;364754;367039;51521;125406;39055;697688;7017;365811;7828;73451;280418;68344;56378;13310;14763;1316733;50264;431608;44593;147562;29600;14575;11857;202518;844084;52431;183208;39892;34582;60562;52246;11838;356825;9823;16828;998783;80341;71126;58967;8694;26369;100811;8129;557881;27350;822561;172906;11330;35627;9515;49595;110933;14092;281871;45407;176439;106352;14684;69867;106251;30031;125781;36828;32475;49467;7036;9137;12443;8264;89636;74355;69436;93500;11230;8533;83325;12167;35741;36385;9227;8824;67776;9719;43148;10362;28172;70586;70161;17303;9438;123301;63208;312641
52,247.1286,4.76,P,[M+H]+,247.1286;248.132;249.1354,1775497;211951;16653,70.0291;70.0655;70.1588;72.0448;72.081;73.0286;73.065;73.929;76.0862;81.0332;84.0446;84.0808;85.0284;85.0397;86.0965;88.0393;96.0442;96.0803;97.0284;97.0928;98.0236;98.9841;99.0077;100.0394;104.0528;108.7307;110.0236;111.8912;111.9795;113.1072;114.0549;114.5966;115.0502;116.0347;116.0705;118.0863;121.0645;124.0392;124.0756;125.0236;128.0338;130.05;132.1019;138.0911;141.1021;142.0861;143.0336;151.0377;155.118;156.102;162.9697;166.0863;169.0972;172.9522;173.0216;183.1128;184.0965;187.1076;201.1233;211.1079;212.0918;229.1182;230.1025;246.9122;247.0416;247.109;247.1285,1518;1003;684;875;11179;5026;942;611;615;718;7117;1473;1409;9728;237930;139194;802;1129;3309;643;8798;7589;1634;5101;4883;621;29991;670;704;23551;3686;688;3666;944;6838;6281;1564;6629;1050;1209;675;1598;151441;8013;66585;831;1222;651;4048;13244;665;64537;6202;1181;1131;21092;12531;41884;119596;2982;48923;18906;4410;3210;1057;2135;29420
